{"subject_1_acc": 0.8103448275862069, "_timestamp": 1739292833.7460916, "_runtime": 230.9673867225647, "_step": 9, "subject_2_acc": 0.46551724137931033, "subject_3_acc": 0.9655172413793104, "subject_4_acc": 0.6724137931034483, "subject_5_acc": 0.46551724137931033, "subject_6_acc": 0.6896551724137931, "subject_7_acc": 0.5862068965517241, "subject_8_acc": 0.9827586206896551, "subject_9_acc": 0.9827586206896551, "avg_accuracy": 0.7356321839080459, "_wandb": {"runtime": 230}}