{"subject_1_acc": 0.8103448275862069, "_timestamp": 1739293737.0048575, "_runtime": 230.3266785144806, "_step": 9, "subject_2_acc": 0.5517241379310345, "subject_3_acc": 0.9655172413793104, "subject_4_acc": 0.6551724137931034, "subject_5_acc": 0.5862068965517241, "subject_6_acc": 0.603448275862069, "subject_7_acc": 0.6724137931034483, "subject_8_acc": 0.9137931034482759, "subject_9_acc": 0.896551724137931, "avg_accuracy": 0.7394636015325671, "_wandb": {"runtime": 229}}