{"subject_1_acc": 0.8448275862068966, "_timestamp": 1739293362.3565052, "_runtime": 234.71318411827087, "_step": 9, "subject_2_acc": 0.4482758620689655, "subject_3_acc": 1.0, "subject_4_acc": 0.7068965517241379, "subject_5_acc": 0.4827586206896552, "subject_6_acc": 0.6896551724137931, "subject_7_acc": 0.6206896551724138, "subject_8_acc": 0.9827586206896551, "subject_9_acc": 0.9137931034482759, "avg_accuracy": 0.7432950191570882, "_wandb": {"runtime": 233}}